{
  "code" : "0",
  "message" : "suss",
  "result" : {
    "art_url" : "http://m.jiemian.com/article/471093.html",
    "author_list" : [
      {
        "head_img" : "http://img.jiemian.com/userface/210x210//127/589/107829190-1448772386.jpg",
        "is_show_v" : "1",
        "is_v" : "1",
        "key" : null,
        "name" : "林嘉文",
        "nike_name" : null,
        "remark" : "",
        "uid" : "107829190",
        "url" : "",
        "user_other" : "界面驻北京科技记者。关注通信、硬件、创投等领域。",
        "weixin" : "kevinzoro"
      }
    ],
    "comment" : "8",
    "content" : "%3Cp%3E%E9%AA%81%E9%BE%99820%E4%BA%9A%E6%B4%B2%E9%A6%96%E7%A7%80%E6%9D%A5%E5%BE%97%E6%AD%A3%E6%98%AF%E6%97%B6%E5%80%99%EF%BC%8C%E5%86%85%E5%BF%A7%E5%A4%96%E6%82%A3%E4%B8%8B%E7%9A%84%E9%AB%98%E9%80%9A%E9%9C%80%E8%A6%81%E4%B8%80%E4%B8%AA%E5%A5%BD%E6%B6%88%E6%81%AF%E3%80%82%3C%2Fp%3E%0D%0A%0D%0A%3Cp%3E12%E6%9C%8811%E6%97%A5%EF%BC%8C%E8%B7%9D%E9%AA%81%E9%BE%99820%E5%9C%A8%E7%BE%8E%E6%AD%A3%E5%BC%8F%E5%8F%91%E5%B8%83%E5%88%9A%E5%A5%BD%E4%B8%80%E4%B8%AA%E6%9C%88%E3%80%82%E8%BF%99%E6%AE%B5%E6%97%B6%E9%97%B4%E5%86%85%EF%BC%8C%E8%BF%99%E6%9E%9A%E5%85%A8%E6%96%B0%E6%97%97%E8%88%B0%E5%A4%84%E7%90%86%E5%99%A8%E8%A2%AB%E5%90%84%E7%95%8C%E6%B7%B1%E5%85%A5%E5%89%96%E6%9E%90%EF%BC%8C%E6%9B%B4%E6%8E%A5%E4%BA%8C%E8%BF%9E%E4%B8%89%E5%9C%B0%E4%BC%A0%E5%87%BA%E4%B9%90%E8%A7%86%E3%80%81%E5%B0%8F%E7%B1%B3%E3%80%81%E4%B8%80%E5%8A%A0%E7%AD%89%E5%9B%BD%E5%86%85%E6%89%8B%E6%9C%BA%E5%8E%82%E5%95%86%E5%B0%86%E4%BA%8E2016%E5%B9%B4%E6%8E%A8%E5%87%BA%E6%90%AD%E8%BD%BD%E9%AA%81%E9%BE%99820%E7%9A%84%E6%97%97%E8%88%B0%E4%BA%A7%E5%93%81%E7%9A%84%E6%B6%88%E6%81%AF%E3%80%82%3C%2Fp%3E%0D%0A%0D%0A%3Cp%3E%E9%AB%98%E9%80%9A%E6%9C%80%E6%96%B0%E6%8B%B3%E5%A4%B4%E4%BA%A7%E5%93%81%E7%9A%84%E5%89%8D%E6%99%AF%E4%BC%BC%E4%B9%8E%E8%A2%AB%E5%B9%BF%E6%B3%9B%E7%9C%8B%E5%A5%BD%E3%80%82%3C%2Fp%3E%0D%0A%0D%0A%3Cp%3E%E4%BD%86%E4%B8%80%E5%B9%B4%E5%89%8D%EF%BC%8C%E9%AA%81%E9%BE%99810%E5%88%9D%E4%BA%AE%E7%9B%B8%E6%97%B6%E4%B9%9F%E6%9B%BE%E5%BF%97%E6%B0%94%E6%BB%A1%E6%BB%A1%EF%BC%8C%E7%BB%93%E6%9E%9C%E8%A1%A8%E7%8E%B0%E5%8D%B4%E8%AE%A9%E4%BA%BA%E5%A4%A7%E5%A4%B1%E6%89%80%E6%9C%9B%E3%80%82%E9%AA%81%E9%BE%99810%E7%9A%84%E5%8F%91%E7%83%AD%E3%80%81%E5%8A%9F%E8%80%97%E7%AD%89%E9%97%AE%E9%A2%98%EF%BC%8C%E4%B8%8D%E4%BD%86%E7%BB%99%E5%90%88%E4%BD%9C%E5%8E%82%E5%95%86%E5%B8%A6%E6%9D%A5%E9%BA%BB%E7%83%A6%EF%BC%8C%E6%9B%B4%E8%AE%A9%E7%AB%9E%E4%BA%89%E5%AF%B9%E6%89%8B%E5%B0%A4%E5%85%B6%E6%98%AF%E5%9B%BD%E5%86%85%E8%8A%AF%E7%89%87%E5%8E%82%E5%95%86%E8%B8%A9%E7%9D%80%E4%B8%8A%E4%BD%8D%26mdash%3B%26mdash%3B%E5%8D%8E%E4%B8%BA%E6%B5%B7%E6%80%9D%E9%BA%92%E9%BA%9F950%E4%BE%BF%E6%98%AF%E6%9C%80%E5%A5%BD%E7%9A%84%E4%BE%8B%E5%AD%90%E3%80%82%E8%BF%91%E4%B8%80%E5%B9%B4%E7%9A%84%E4%BD%8E%E8%BF%B7%E8%A1%A8%E7%8E%B0%E8%AE%A9%E4%BF%9D%E6%8C%81%E4%BA%86%E5%A4%9A%E5%B9%B4%E7%A7%BB%E5%8A%A8%E5%A4%84%E7%90%86%E5%99%A8%E9%A2%86%E5%9F%9F%26ldquo%3B%E5%AD%A6%E9%9C%B8%26rdquo%3B%E5%9C%B0%E4%BD%8D%E7%9A%84%E9%AB%98%E9%80%9A%E5%B0%B4%E5%B0%AC%E4%B8%8D%E5%B7%B2%E3%80%82%3C%2Fp%3E%0D%0A%0D%0A%3Cp%3E%E8%BF%99%E6%AC%A1%E5%8F%91%E5%B8%83%E7%9A%84%E9%AA%81%E9%BE%99820%EF%BC%8C%E5%AF%B9%E9%AB%98%E9%80%9A%E6%9D%A5%E8%AF%B4%E5%B0%A4%E4%B8%BA%E9%87%8D%E8%A6%81%E3%80%82%E5%AE%83%E5%B0%86%E5%86%B3%E5%AE%9A%E6%98%8E%E5%B9%B4%E9%AB%98%E9%80%9A%E8%83%BD%E5%90%A6%E8%B5%B0%E5%87%BA%E6%B3%A5%E6%BD%AD%E3%80%82%3C%2Fp%3E%0D%0A%0D%0A%3Cp%3E%E9%AA%81%E9%BE%99820%E6%9C%80%E5%A4%A7%E7%9A%84%E4%BA%AE%E7%82%B9%EF%BC%8C%E6%98%AF%E9%87%8D%E5%9B%9E%E8%87%AA%E4%B8%BB%E7%A0%94%E5%8F%91%E6%9E%B6%E6%9E%84Kryo%E3%80%82%E6%8D%AE%E9%AB%98%E9%80%9A%E5%85%AC%E5%8F%B8%E4%BA%A7%E5%93%81%E5%B8%82%E5%9C%BA%E5%89%AF%E6%80%BB%E8%A3%81%E9%A2%9C%E8%BE%B0%E5%B7%8D%E4%BB%8B%E7%BB%8D%EF%BC%8C%E6%96%B0%E6%AC%BE%E5%A4%84%E7%90%86%E5%99%A8%E6%94%BE%E5%BC%83%E4%BA%86ARM%E5%85%AC%E7%89%88%E6%9E%B6%E6%9E%84%EF%BC%8C%E9%87%87%E7%94%A8%E4%BA%86%E9%AB%98%E9%80%9A%E8%87%AA%E4%B8%BB64%E4%BD%8DKyro%E6%9E%B6%E6%9E%84%EF%BC%8C%E6%9C%80%E9%AB%98%E9%A2%91%E7%8E%87%E5%8F%AF%E8%BE%BE2.2GHz%EF%BC%8C%E6%80%A7%E8%83%BD%E7%9B%B8%E6%AF%94%E9%AA%81%E9%BE%99810%E6%8F%90%E5%8D%87%E4%BA%86%E4%B8%A4%E5%80%8D%EF%BC%8C%E5%90%8C%E6%97%B6%E4%BF%9D%E8%AF%81%E4%BA%86%E4%B8%A4%E5%80%8D%E7%9A%84%E8%83%BD%E6%95%88%E6%8F%90%E5%8D%87%E3%80%82%E6%AD%A4%E5%A4%96%E5%9C%A8%E5%9B%BE%E5%83%8F%E6%80%A7%E8%83%BD%E3%80%81%E8%AE%A1%E7%AE%97%E8%83%BD%E5%8A%9B%E3%80%81LTE%E9%80%9F%E5%BA%A6%E4%BB%A5%E5%8F%8A%E5%85%85%E7%94%B5%E6%95%88%E7%8E%87%E5%92%8C%E7%BB%AD%E8%88%AA%E6%97%B6%E9%97%B4%E7%AD%89%E6%96%B9%E9%9D%A2%EF%BC%8C%E9%AA%81%E9%BE%99820%E5%9D%87%E6%9C%89%E4%B8%8D%E9%94%99%E7%9A%84%E6%8F%90%E5%8D%87%E3%80%82%3C%2Fp%3E%0D%0A%0D%0A%3Cp%3E%E4%B8%8D%E8%BF%87%E9%A2%9C%E8%BE%B0%E5%B7%8D%E5%BC%BA%E8%B0%83%EF%BC%8C%E9%AA%81%E9%BE%99820%E6%98%AF%26ldquo%3B%E4%B8%BA%E6%B2%89%E6%B5%B8%E5%BC%8F%E7%94%A8%E6%88%B7%E4%BD%93%E9%AA%8C%E8%80%8C%E7%94%9F%26rdquo%3B%EF%BC%8C%E4%BB%96%E8%AE%A4%E4%B8%BA%E5%AF%B9%E4%BA%8E%E6%99%BA%E8%83%BD%E7%BB%88%E7%AB%AF%E6%9D%A5%E8%AE%B2%EF%BC%8C%E6%9C%80%E9%87%8D%E8%A6%81%E7%9A%84%E6%98%AF%E8%83%BD%E5%A4%9F%E7%BB%99%E7%94%A8%E6%88%B7%E5%B8%A6%E6%9D%A5%E4%BB%80%E4%B9%88%E6%A0%B7%E7%9A%84%E4%BD%93%E9%AA%8C%EF%BC%8C%E5%9B%A0%E6%AD%A4%E4%B8%9A%E7%95%8C%E4%B8%8D%E5%BA%94%E8%AF%A5%E8%BF%87%E5%88%86%E8%BF%BD%E6%B1%82%E7%A1%AC%E4%BB%B6%E7%9A%84%E6%8A%80%E6%9C%AF%E6%8C%87%E6%A0%87%E3%80%82%3C%2Fp%3E%0D%0A%0D%0A%3Cp%3E%E8%80%8C%E5%AF%B9%E4%BA%8E%E9%A2%87%E5%8F%97%E8%AF%9F%E7%97%85%E7%9A%84%E5%8F%91%E7%83%AD%E9%97%AE%E9%A2%98%EF%BC%8C%E9%AB%98%E9%80%9A%E4%B8%8D%E4%BB%85%E5%AF%B9%E6%96%B0%E7%9A%84%E6%9E%B6%E6%9E%84%E5%81%9A%E5%87%BA%E4%BA%86%E4%BC%98%E5%8C%96%EF%BC%8C%E8%BF%98%E8%8A%B1%E9%87%8D%E9%87%91%E4%BD%BF%E7%94%A8%E4%B8%89%E6%98%9F%E7%9A%8414nm+LPP%E5%B7%A5%E8%89%BA%E3%80%82%E8%80%8C%E4%B8%94%E9%AA%81%E9%BE%99820%E6%B2%A1%E6%9C%89%E8%B7%9F%E8%81%94%E5%8F%91%E7%A7%91%E4%BA%89%E6%A0%B8%E5%BF%83%E6%95%B0%E9%87%8F%EF%BC%8C%E5%8F%8D%E8%80%8C%E4%BC%98%E5%8C%96%E4%BA%86%E6%9E%B6%E6%9E%84%E5%92%8C%E5%8D%95%E7%BA%BF%E7%A8%8B%E6%95%88%E7%8E%87%EF%BC%8C%E5%9B%A0%E6%AD%A4%E6%BB%A1%E8%B6%B3%E4%BA%86OEM%E5%8E%82%E5%95%86%E5%AF%B9%E5%85%B6%E7%BB%88%E7%AB%AF%E6%95%A3%E7%83%AD%E5%92%8C%E6%80%A7%E8%83%BD%E8%A7%84%E6%A0%BC%E7%9A%84%E8%A6%81%E6%B1%82%E3%80%82%3C%2Fp%3E%0D%0A%0D%0A%3Cp%3E%E4%BB%8E%E8%B6%85%E8%BF%8730%E5%AE%B6OEM%E5%8E%82%E5%95%86%E7%9A%84%E5%8F%8D%E9%A6%88%E6%9D%A5%E7%9C%8B%EF%BC%8C%E9%AA%81%E9%BE%99820%E5%9F%BA%E6%9C%AC%E6%91%86%E8%84%B1%E4%BA%86%E5%8F%91%E7%83%AD%E9%97%AE%E9%A2%98%E3%80%82%E9%AB%98%E9%80%9A%E4%B8%80%E4%BA%9B%E6%B5%B7%E5%A4%96%E9%AB%98%E7%AE%A1%E4%B9%9F%E5%9C%A8Twitter%E4%B8%8A%E4%B8%BA%E6%AD%A4%E8%83%8C%E4%B9%A6%EF%BC%8C%E4%BB%96%E4%BB%AC%E5%A3%B0%E7%A7%B0%E9%AA%81%E9%BE%99820%E5%9C%A8%E5%8F%91%E7%83%AD%E4%B8%8A%E5%AE%8C%E5%85%A8%E6%B2%A1%E6%9C%89%E9%97%AE%E9%A2%98%EF%BC%8C%E8%AF%B7%E5%90%84%E5%A4%A7OEM%E5%8E%82%E5%95%86%E5%92%8C%E6%B6%88%E8%B4%B9%E8%80%85%E6%94%BE%E5%BF%83%E8%B4%AD%E4%B9%B0%E3%80%82%3C%2Fp%3E%0D%0A%0D%0A%3Cp%3E%E5%B0%BD%E7%AE%A1%E5%9C%A8%E6%8A%80%E6%9C%AF%E4%B8%8A%E4%BA%A4%E5%87%BA%E4%BA%86%E8%AE%A9%E4%BA%BA%E6%BB%A1%E6%84%8F%E7%9A%84%E7%AD%94%E5%8D%B7%EF%BC%8C%E4%BD%86%E9%9D%A2%E5%AF%B9%E9%99%A9%E8%B1%A1%E6%A8%AA%E7%94%9F%E7%9A%84%E5%B8%82%E5%9C%BA%EF%BC%8C%26ldquo%3B%E5%AD%A6%E9%9C%B8%26rdquo%3B%E9%AB%98%E9%80%9A%E4%BE%9D%E7%84%B6%E4%B8%8D%E8%83%BD%E6%8E%89%E4%BB%A5%E8%BD%BB%E5%BF%83%E3%80%82%3C%2Fp%3E%0D%0A%0D%0A%3Cp%3E%E5%B0%B1%E5%9C%A8%E6%9C%80%E8%BF%91%EF%BC%8C%E6%AC%A7%E7%9B%9F%E5%8F%8D%E5%9E%84%E6%96%AD%E7%9B%91%E7%AE%A1%E9%83%A8%E9%97%A8%E6%AD%A3%E5%BC%8F%E5%AF%B9%E9%AB%98%E9%80%9A%E6%8F%90%E8%B5%B7%E5%8F%8D%E5%9E%84%E6%96%AD%E6%8C%87%E6%8E%A7%EF%BC%8C%E8%AE%A4%E4%B8%BA%E5%85%B6%E5%AF%BB%E6%B1%82%E9%81%8F%E5%88%B6%E5%B8%82%E5%9C%BA%E7%AB%9E%E4%BA%89%EF%BC%8C%E5%90%91%E5%AE%A2%E6%88%B7%E9%94%80%E5%94%AE%E7%9A%84%E8%8A%AF%E7%89%87%E4%BB%B7%E6%A0%BC%E4%BD%8E%E4%BA%8E%E7%94%9F%E4%BA%A7%E6%88%90%E6%9C%AC%E3%80%82%E8%80%8C%E9%AB%98%E9%80%9A%E4%BB%8A%E5%B9%B4%E5%B7%B2%E5%9C%A8%E4%B8%AD%E5%9B%BD%E3%80%81%E7%BE%8E%E5%9B%BD%E3%80%81%E9%9F%A9%E5%9B%BD%E7%AD%89%E5%A4%9A%E5%9B%BD%E6%88%96%E5%9C%B0%E5%8C%BA%E8%A2%AB%E5%8F%8D%E5%9E%84%E6%96%AD%E8%B0%83%E6%9F%A5%EF%BC%8C%E5%B9%B6%E4%BD%9C%E5%87%BA%E4%B8%8D%E8%8F%B2%E8%B5%94%E5%81%BF%E3%80%82%3C%2Fp%3E%0D%0A%0D%0A%3Cp%3E%E9%99%A4%E6%AD%A4%E4%B9%8B%E5%A4%96%EF%BC%8C%E9%AB%98%E9%80%9A%E5%B7%B2%E8%BF%9E%E7%BB%AD%E4%B8%89%E4%B8%AA%E8%B4%A2%E5%AD%A3%E7%BB%8F%E5%8E%86%E5%88%A9%E6%B6%A6%E4%B8%8B%E6%BB%91%E3%80%82%E8%AF%A5%E5%85%AC%E5%8F%B8%E4%B8%8A%E6%9C%88%E5%8F%91%E5%B8%83%E7%9A%84%E7%AC%AC%E5%9B%9B%E8%B4%A2%E5%AD%A3%E6%8A%A5%E5%91%8A%E6%98%BE%E7%A4%BA%EF%BC%8C%E8%90%A5%E6%94%B6%E4%B8%BA55%E4%BA%BF%E7%BE%8E%E5%85%83%EF%BC%8C%E6%AF%94%E5%8E%BB%E5%B9%B4%E5%90%8C%E6%9C%9F%E7%9A%8467%E4%BA%BF%E7%BE%8E%E5%85%83%E4%B8%8B%E6%BB%9118%25%EF%BC%9B%E5%87%80%E5%88%A9%E6%B6%A6%E4%B8%BA11%E4%BA%BF%E7%BE%8E%E5%85%83%EF%BC%8C%E6%AF%94%E5%8E%BB%E5%B9%B4%E5%90%8C%E6%9C%9F%E7%9A%8419%E4%BA%BF%E7%BE%8E%E5%85%83%E4%B8%8B%E6%BB%9144%25%E3%80%82%E9%AB%98%E9%80%9A%E5%90%91%E5%A4%96%E7%95%8C%E8%A1%A8%E7%A4%BA%EF%BC%8C%E4%B8%9A%E7%BB%A9%E4%B8%8B%E6%BB%91%E4%B8%BB%E8%A6%81%E6%98%AF%E7%94%B1%E4%BA%8E%E6%99%BA%E8%83%BD%E6%89%8B%E6%9C%BA%E8%8A%AF%E7%89%87%E9%94%80%E5%94%AE%E8%A1%A8%E7%8E%B0%E7%96%B2%E5%BC%B1%EF%BC%8C%E4%BB%A5%E5%8F%8A%E5%9C%A8%E4%B8%AD%E5%9B%BD%E5%B8%82%E5%9C%BA%E7%9A%84%E4%B8%93%E5%88%A9%E6%8E%88%E6%9D%83%E4%B8%9A%E5%8A%A1%E4%B8%8A%E9%9D%A2%E4%B8%B4%E5%9B%B0%E5%A2%83%E3%80%82%3C%2Fp%3E%0D%0A%0D%0A%3Cp%3E%E7%A1%AE%E5%AE%9E%EF%BC%8C%E9%AB%98%E9%80%9A%E6%9C%89%E8%B6%85%E8%BF%87%E4%B8%80%E5%8D%8A%E7%9A%84%E4%B8%9A%E5%8A%A1%E9%83%BD%E5%9C%A8%E4%B8%AD%E5%9B%BD%E5%B8%82%E5%9C%BA%EF%BC%8C%E4%BD%86%E8%BF%87%E5%8E%BB%E9%83%A8%E5%88%86%E4%B8%AD%E5%9B%BD%E5%8E%82%E5%95%86%E6%8B%92%E4%BB%98%E6%88%96%E6%8B%96%E5%BB%B6%E4%B8%93%E5%88%A9%E8%B4%B9%E7%9A%84%E8%A1%8C%E4%B8%BA%E8%AE%A9%E9%AB%98%E9%80%9A%E5%A4%84%E5%A2%83%E5%B0%B4%E5%B0%AC%E3%80%82%E5%8F%A6%E5%A4%96%EF%BC%8C%E4%BB%8E%E5%9B%BD%E5%AE%B6%E6%88%98%E7%95%A5%E7%9A%84%E8%A7%92%E5%BA%A6%EF%BC%8C%E6%9C%AC%E5%9C%9F%E8%8A%AF%E7%89%87%E5%8E%82%E5%95%86%E4%B9%9F%E5%9C%A8%E8%BF%85%E9%80%9F%E5%B4%9B%E8%B5%B7%E3%80%82%E6%AF%94%E5%A6%82%E5%8D%8E%E4%B8%BA%E6%B5%B7%E6%80%9D%EF%BC%8C%E4%BB%A5%E5%8F%8A%E6%8A%8A%E5%B1%95%E8%AE%AF%E7%AD%89%E8%8A%AF%E7%89%87%E5%85%AC%E5%8F%B8%E7%BA%B3%E5%85%A5%E5%9B%8A%E4%B8%AD%E7%9A%84%E7%B4%AB%E5%85%89%E9%9B%86%E5%9B%A2%E3%80%82%3C%2Fp%3E%0D%0A%0D%0A%3Cp%3E%E5%B8%82%E5%9C%BA%E7%A0%94%E7%A9%B6%E6%9C%BA%E6%9E%84TrendForce%E6%8F%90%E4%BE%9B%E7%9A%84%E6%95%B0%E6%8D%AE%E6%98%BE%E7%A4%BA%EF%BC%8C%E4%BD%9C%E4%B8%BA%E5%85%A8%E7%90%83%E7%AC%AC%E4%BA%8C%E5%A4%A7%E7%BB%8F%E6%B5%8E%E4%BD%93%EF%BC%8C%E7%9B%AE%E5%89%8D%E4%B8%AD%E5%9B%BD%E5%86%85%E5%9C%B0%E6%9C%899%E5%AE%B6%E5%85%AC%E5%8F%B8%E8%B7%BB%E8%BA%AB%26ldquo%3B%E5%85%A8%E7%90%83%E8%8A%AF%E7%89%87%E8%AE%BE%E8%AE%A1%E5%92%8C%E9%94%80%E5%94%AE%E6%8E%92%E8%A1%8C%E6%A6%9C%E5%89%8D50%E5%BC%BA%26rdquo%3B%E5%90%8D%E5%8D%95%26mdash%3B%26mdash%3B2009%E5%B9%B4%E4%BB%85%E6%9C%891%E5%AE%B6%E3%80%82%E7%A0%94%E7%A9%B6%E6%9C%BA%E6%9E%84IC+Insights%E7%9A%84%E6%95%B0%E6%8D%AE%E5%88%99%E6%98%BE%E7%A4%BA%EF%BC%8C%E4%BB%8A%E5%B9%B4%E4%B8%AD%E5%9B%BD%E8%8A%AF%E7%89%87%E5%8E%82%E5%95%86%E5%87%BA%E8%B4%A7%E9%87%8F%E5%A2%9E%E9%95%BF%E9%AB%98%E8%BE%BE40%25%E3%80%82%3C%2Fp%3E%0D%0A%0D%0A%3Cp%3E%E9%AB%98%E9%80%9A%E8%BF%87%E5%8E%BB%E7%9A%84%E4%BC%98%E5%8A%BF%E5%9C%A8%E4%BA%8E%E5%AE%83%E7%9A%84%E4%B8%93%E5%88%A9%E3%80%81%E6%8A%80%E6%9C%AF%E7%A7%AF%E7%B4%AF%EF%BC%8C%E4%BB%A5%E5%8F%8A%E5%9C%A8%E9%AB%98%E7%AB%AF%E6%89%8B%E6%9C%BA%E8%8A%AF%E7%89%87%E4%B8%8A%E7%9A%84%E9%A2%86%E5%85%88%E3%80%82%3C%2Fp%3E%0D%0A%0D%0A%3Cp%3E%E6%89%80%E4%BB%A5%EF%BC%8C%E9%AA%81%E9%BE%99820%E8%83%BD%E5%90%A6%E7%BB%B4%E6%8C%81%E4%BD%8F%E8%BF%99%E7%A7%8D%E9%A2%86%E5%85%88%EF%BC%8C%E5%B0%86%E6%98%AF%E5%86%B3%E5%AE%9A%E9%AB%98%E9%80%9A%E6%98%8E%E5%B9%B4%E7%9A%84%E5%85%B3%E9%94%AE%E3%80%82%3C%2Fp%3E%0D%0A%0D%0A%3Cp%3E%E9%AB%98%E9%80%9A%E5%85%AC%E5%8F%B8%E9%AB%98%E7%BA%A7%E5%89%AF%E6%80%BB%E8%A3%81%E5%85%BC%E5%A4%A7%E4%B8%AD%E5%8D%8E%E5%8C%BA%E9%A6%96%E5%B8%AD%E8%BF%90%E8%90%A5%E5%AE%98%E7%BD%97%E6%9D%B0%E5%BC%97%E8%A1%A8%E7%A4%BA%EF%BC%8C%26ldquo%3B%E9%AA%81%E9%BE%99820%E6%98%AF%E8%BF%84%E4%BB%8A%E4%B8%BA%E6%AD%A2%E6%9C%80%E5%85%88%E8%BF%9B%E7%9A%84%E7%A7%BB%E5%8A%A8%E5%A4%84%E7%90%86%E5%99%A8%E4%B9%8B%E4%B8%80%EF%BC%8C%E9%9A%8F%E7%9D%80%E4%B8%AD%E5%9B%BD%E9%80%9A%E8%AE%AF%E5%B8%82%E5%9C%BA4G%EF%BC%8B%E7%AD%89%E5%85%88%E8%BF%9B%E6%8A%80%E6%9C%AF%E7%9A%84%E6%8E%A8%E8%BF%9B%EF%BC%8C%E5%85%AC%E5%8F%B8%E5%AF%B9%E9%AA%81%E9%BE%99820%E5%9C%A8%E6%99%BA%E8%83%BD%E6%89%8B%E6%9C%BA%E5%B8%82%E5%9C%BA%E7%9A%84%E8%A1%A8%E7%8E%B0%E9%9D%9E%E5%B8%B8%E7%9C%8B%E5%A5%BD%EF%BC%8C%E4%B8%AD%E5%9B%BD%E6%B6%88%E8%B4%B9%E8%80%85%E4%B9%9F%E5%B0%86%E5%BE%88%E5%BF%AB%E7%9C%8B%E5%88%B0%E6%90%AD%E8%BD%BD%E9%AA%81%E9%BE%99820%E7%9A%84%E4%BA%A7%E5%93%81%E4%B8%8A%E5%B8%82%E3%80%82%26rdquo%3B%3C%2Fp%3E%0D%0A%0D%0A%3Cp%3E%3Ca+href%3D%22http%3A%2F%2Fwww.jiemian.com%2Flists%2F65.html%22+target%3D%22_blank%22%3E%E9%98%85%E8%AF%BB%E6%9B%B4%E5%A4%9A%E6%9C%89%E5%85%B3%E7%A7%91%E6%8A%80%E7%9A%84%E5%86%85%E5%AE%B9%EF%BC%8C%E8%AF%B7%E7%82%B9%E5%87%BB%E6%9F%A5%E7%9C%8B%26gt%3B%26gt%3B%E3%80%82%3C%2Fa%3E%3C%2Fp%3E%0D%0A",
    "content_photos" : [],
    "ding" : "7",
    "from" : "",
    "headline" : "1",
    "id" : "471093",
    "o_image" : "http://img.jiemian.com/101/original/20151211/144981956759211300.jpg",
    "publishtime" : "1449819696",
    "smalltitle" : "图片来源：网络",
    "summary" : "高通需要通过拳头产品继续证明自己在高端手机芯片上是无可替代的。",
    "title" : "高通“满血复活”的希望就全寄托在这枚移动芯片上了",
    "z_image" : "http://img.jiemian.com/101/thumb/20151211/z_144981956759211300.jpg"
  }
}