{
  "code" : "0",
  "message" : "suss",
  "result" : {
    "ads" : [],
    "related_news" : [
      {
        "id" : "475542",
        "title" : "中国移动是否会跟进六模全网通？"
      },
      {
        "id" : "475518",
        "title" : "可替代与非颠覆创新：苹果无需并购GoPro与特斯拉"
      },
      {
        "id" : "475481",
        "title" : "那家我们所熟悉的东芝公司就要一去不复返了"
      },
      {
        "id" : "475423",
        "title" : "鲁炜：中国正在从网络大国向网络强国迈进"
      },
      {
        "id" : "475378",
        "title" : "都在寻找社群，但社群的商业价值在哪？"
      }
    ],
    "taginfo" : [
      {
        "id" : "599",
        "key" : "599",
        "name" : "高通",
        "type" : "1"
      },
      {
        "id" : "6380",
        "key" : "6380",
        "name" : "手机芯片",
        "type" : "3"
      }
    ]
  }
}