{
  "code" : "0",
  "message" : "suss",
  "result" : {
    "carousel" : [
      {
        "author_list" : [
          {
            "head_img" : "http://img.jiemian.com/userface/210x210//27/860/103600323-1433740367.jpg",
            "is_show_v" : "1",
            "is_v" : "1",
            "name" : "林子人",
            "remark" : "",
            "uid" : "103600323",
            "url" : "",
            "user_other" : "界面职场与管理报道组记者，坐标上海，同时对文化事件保持关注。沟通请发邮件至linziren@jiemian.com",
            "weixin" : "linziren"
          }
        ],
        "c_image" : "http://img.jiemian.com/101/original/20151223/14508654623559600_a640x320.jpg",
        "cl_image" : "http://img.jiemian.com/101/original/20151223/14508654623559600_a640x320.jpg",
        "comment" : "16",
        "headline" : "1",
        "hit" : "2.3w",
        "i_show_tpl" : "carousel_img",
        "id" : "484851",
        "image_path" : "",
        "img" : "http://img.jiemian.com/101/original/20151223/14508654623559600_a280x210.jpg",
        "o_image" : "http://img.jiemian.com/101/original/20151223/14508654623559600_a640x360.jpg",
        "published" : "1450865786",
        "publishtime" : "1450916460",
        "s_image" : "http://img.jiemian.com/101/thumb/20151223/s_14508654623559600.jpg",
        "status" : "1",
        "summary" : "安倍曾在联合国演讲时称计划在2020年将日本政界和商界女性领导者的比例提升至30%，而在12月，这一目标缩减至了7%。",
        "tags" : "2834,5301,7701",
        "title" : "从30%直降至7% 安倍的“女性经济学”目标彻底没戏了",
        "z_image" : "http://img.jiemian.com/101/original/20151223/14508654623559600_a280x210.jpg"
      },
      {
        "author_list" : [
          {
            "head_img" : "http://img.jiemian.com/userface/210x210//558/650/102305151-1446185521.jpg",
            "is_show_v" : "1",
            "is_v" : "1",
            "name" : "罗强",
            "remark" : "",
            "uid" : "102305151",
            "url" : "",
            "user_other" : "微信号ROMANLQ (务必标注真实姓名＋公司名称) ",
            "weixin" : "ROMANLQ"
          },
          {
            "head_img" : "http://img.jiemian.com/userface/210x210//386/55/100000286-1435025074.jpg",
            "is_show_v" : "1",
            "is_v" : "1",
            "name" : "张育群",
            "remark" : "界面编辑",
            "uid" : "100000286",
            "url" : "",
            "user_other" : "界面地产总监。前南方周末记者，12年和13年获得南方报业集团新闻中心最佳射手。关注房事（房地产那些事）。码过些没人看的文，如SOHO夫妻档的斗争、刘汉的野蛮生长史、国师曹永正、绿地的政府生意",
            "weixin" : "zhangyuqun3"
          }
        ],
        "c_image" : "http://img.jiemian.com/101/original/20151224/145091335572628900_a640x320.jpg",
        "cl_image" : "http://img.jiemian.com/101/original/20151224/145091335572628900_a640x320.jpg",
        "comment" : "31",
        "headline" : "1",
        "hit" : "9.2w",
        "i_show_tpl" : "carousel_img",
        "id" : "485218",
        "image_path" : "",
        "img" : "http://img.jiemian.com/101/original/20151224/145091335572628900_a280x210.jpg",
        "o_image" : "http://img.jiemian.com/101/original/20151224/145091335572628900_a640x360.jpg",
        "published" : "1450890578",
        "publishtime" : "1450913381",
        "s_image" : "http://img.jiemian.com/101/thumb/20151224/s_145091335572628900.jpg",
        "status" : "1",
        "summary" : "12月23日夜，安邦与万科互发声明示好。万科欢迎安邦成为万科重要股东。安邦维护万科管理层、经营风格保持稳定。万科控制权之争结束了？",
        "tags" : "775,995,6360,15132",
        "title" : "安邦和万科在一起了 战争结束了？",
        "z_image" : "http://img.jiemian.com/101/original/20151224/145091335572628900_a280x210.jpg"
      },
      {
        "i_show_tpl" : "banner_img",
        "i_type" : "ads",
        "img" : "http://img.jiemian.com/ads/20151223/145087992765782300.jpg",
        "img_size" : "640*360",
        "monitor_show_url" : "",
        "open_type" : "1",
        "show_type" : "1",
        "tid" : "686",
        "title" : "",
        "type" : "0",
        "type_name" : "推广",
        "url" : "http://ad.doubleclick.net/ddm/trackclk/N4517.2061302JIEMIAN/B9273138.126044022;dc_trk_aid=298983445;dc_trk_cid=67270241"
      },
      {
        "author_list" : [
          {
            "head_img" : "http://img.jiemian.com//static/jmw/image/author.jpg",
            "is_show_v" : "0",
            "is_v" : "0",
            "name" : "参考消息",
            "remark" : "",
            "uid" : "0",
            "url" : "",
            "user_other" : "",
            "weixin" : ""
          }
        ],
        "c_image" : "http://img.jiemian.com/101/original/20151223/145087597820502800_a640x320.jpg",
        "cl_image" : "http://img.jiemian.com/101/original/20151223/145087597820502800_a640x320.jpg",
        "comment" : "8",
        "headline" : "1",
        "hit" : "6.4w",
        "i_show_tpl" : "carousel_img",
        "id" : "485036",
        "image_path" : "",
        "img" : "http://img.jiemian.com/101/original/20151223/145087597820502800_a280x210.jpg",
        "o_image" : "http://img.jiemian.com/101/original/20151223/145087597820502800_a640x360.jpg",
        "published" : "1450876033",
        "publishtime" : "1450876033",
        "s_image" : "http://img.jiemian.com/101/thumb/20151223/s_145087597820502800.jpg",
        "status" : "1",
        "summary" : "绑架者当场烧掉王子拿出的一袋30万美元，高喊“（我们）要的就是你！”据说，绑架者提出的释放人质的要求居然是“基地”组织撤出黎巴嫩。",
        "tags" : "7791",
        "title" : "恐怖分子绑架卡塔尔王子 还当场烧掉30万美元赎金",
        "z_image" : "http://img.jiemian.com/101/original/20151223/145087597820502800_a280x210.jpg"
      },
      {
        "author_list" : [
          {
            "head_img" : "http://img.jiemian.com/userface/210x210//872/980/100174598-1437680600.jpg",
            "is_show_v" : "1",
            "is_v" : "1",
            "name" : "刘诗洋",
            "remark" : "",
            "uid" : "100174598",
            "url" : "",
            "user_other" : "“我愿意成为一种声音，对于那些失去声音的人。”——玛丽·艾伦·马克（Mary Ellen Mark）",
            "weixin" : "liushiyang1208"
          }
        ],
        "c_image" : "http://img.jiemian.com/101/original/20151223/145087119074761200_a640x320.jpg",
        "cl_image" : "http://img.jiemian.com/101/original/20151223/145087119074761200_a640x320.jpg",
        "comment" : "20",
        "headline" : "1",
        "hit" : "5.8w",
        "i_show_tpl" : "carousel_img",
        "id" : "484978",
        "image_path" : "",
        "img" : "http://img.jiemian.com/101/original/20151223/145087119074761200_a280x210.jpg",
        "o_image" : "http://img.jiemian.com/101/original/20151223/145087119074761200_a640x360.jpg",
        "published" : "1450871138",
        "publishtime" : "1450871533",
        "s_image" : "http://img.jiemian.com/101/thumb/20151223/s_145087119074761200.jpg",
        "status" : "1",
        "summary" : "土地供应大幅缩水，但土地出让金却创造历史。遍地的北京地王，未来由谁买单？",
        "tags" : "960,7527,7723",
        "title" : "2000亿！ 北京土地出让年内破历史记录",
        "z_image" : "http://img.jiemian.com/101/original/20151223/145087119074761200_a280x210.jpg"
      },
      {
        "author_list" : [
          {
            "head_img" : "http://img.jiemian.com/userface/210x210//517/73/103161253-1431995007.jpg",
            "is_show_v" : "0",
            "is_v" : "0",
            "name" : "张杭",
            "remark" : "",
            "uid" : "103161253",
            "url" : "",
            "user_other" : "",
            "weixin" : ""
          }
        ],
        "c_image" : "http://img.jiemian.com/101/original/20151223/14508749885001100_a640x320.jpg",
        "cl_image" : "http://img.jiemian.com/101/original/20151223/14508749885001100_a640x320.jpg",
        "comment" : "12",
        "headline" : "1",
        "hit" : "3.6w",
        "i_show_tpl" : "carousel_img",
        "id" : "476046",
        "image_path" : "",
        "img" : "http://img.jiemian.com/101/original/20151223/14508749885001100_a280x210.jpg",
        "o_image" : "http://img.jiemian.com/101/original/20151223/14508749885001100_a640x360.jpg",
        "published" : "1450239822",
        "publishtime" : "1450861532",
        "s_image" : "http://img.jiemian.com/101/thumb/20151223/s_14508749885001100.jpg",
        "status" : "1",
        "summary" : "美国洛杉矶当地时间12月14日，《星球大战：原力觉醒》在著名的好莱坞大道上举行了史上最盛大的电影全球首映礼。首映当天这部电影在好莱坞大道上三家影院正式与全球观众第一次见面，包括好莱坞中国剧院、杜比剧院和埃尔卡皮坦剧院，共计有超过5万名观众参加了此次首映。",
        "tags" : "",
        "title" : "史上最盛大 《星球大战：原力觉醒》全球首映开场",
        "z_image" : "http://img.jiemian.com/101/original/20151223/14508749885001100_a280x210.jpg"
      },
      {
        "author_list" : [
          {
            "head_img" : "http://img.jiemian.com//static/jmw/image/author.jpg",
            "is_show_v" : "0",
            "is_v" : "0",
            "name" : "Karl Marthiesen",
            "remark" : "",
            "uid" : "0",
            "url" : "",
            "user_other" : "",
            "weixin" : ""
          }
        ],
        "c_image" : "http://img.jiemian.com/101/original/20151223/145087439813365800_a640x320.jpg",
        "cl_image" : "http://img.jiemian.com/101/original/20151223/145087439813365800_a640x320.jpg",
        "comment" : "13",
        "headline" : "1",
        "hit" : "24.1w",
        "i_show_tpl" : "carousel_img",
        "id" : "477922",
        "image_path" : "",
        "img" : "http://img.jiemian.com/101/original/20151223/145087439813365800_a280x210.jpg",
        "o_image" : "http://img.jiemian.com/101/original/20151223/145087439813365800_a640x360.jpg",
        "published" : "1450338513",
        "publishtime" : "1450857951",
        "s_image" : "http://img.jiemian.com/101/thumb/20151223/s_145087439813365800.jpg",
        "status" : "1",
        "summary" : "世界上许多地方连监测数据也没有。",
        "tags" : "2955,3808,7723,8303",
        "title" : "世界上污染最严重的城市在哪里",
        "z_image" : "http://img.jiemian.com/101/original/20151223/145087439813365800_a280x210.jpg"
      },
      {
        "i_show_tpl" : "carousel_img",
        "i_type" : "ask",
        "id" : "228",
        "o_image" : "http://img.jiemian.com/101/thumb/20151222/z_145074939561322400_a640x360.jpg",
        "published" : "",
        "title" : "2016年A股市场应该买哪些股票？欢迎来问年度私募投资冠军，倚天投资叶飞",
        "type_name" : "好问",
        "url" : "http://a.jiemian.com/index.php?m=qanda&a=index&aid=AGQCMghu&share=%7B%22imgurl%22%3A%22101%2Fthumb%2F20151222%2Fz_145074939561322400.jpg%22%2C%22title%22%3A%222016%E5%B9%B4A%E8%82%A1%E5%B8%82%E5%9C%BA%E5%BA%94%E8%AF%A5%E4%B9%B0%E5%93%AA%E4%BA%9B%E8%82%A1%E7%A5%A8%EF%BC%9F%E6%AC%A2%E8%BF%8E%E6%9D%A5%E9%97%AE%E5%B9%B4%E5%BA%A6%E7%A7%81%E5%8B%9F%E6%8A%95%E8%B5%84%E5%86%A0%E5%86%9B%EF%BC%8C%E5%80%9A%E5%A4%A9%E6%8A%95%E8%B5%84%E5%8F%B6%E9%A3%9E%22%2C%22url%22%3A%22http%3A%2F%2Fa.jiemian.com%2Findex.php%3Fm%3Dqanda%26a%3Dindex%26aid%3DAGQCMghu%22%7D",
        "z_image" : "http://img.jiemian.com/101/thumb/20151222/z_145074939561322400_a280x210.jpg"
      }
    ],
    "count" : "1",
    "page" : "1",
    "pageCount" : "3",
    "rst" : [
      {
        "data" : [
          {
            "author_list" : [
              {
                "head_img" : "http://img.jiemian.com/userface/210x210//661/94/102643915-1448258253.jpg",
                "is_show_v" : "2",
                "is_v" : "2",
                "name" : "天下综合报道",
                "remark" : "",
                "uid" : "102643915",
                "url" : "",
                "user_other" : "让天下没有无聊的新闻。微信请关注【最天下】：theveryworld",
                "weixin" : "theveryworld"
              }
            ],
            "c_image" : "http://img.jiemian.com/101/original/20151224/145092778264928000_a640x320.jpg",
            "cl_image" : "http://img.jiemian.com/101/original/20151224/145092778264928000_a640x320.jpg",
            "comment" : "6",
            "headline" : "1",
            "hit" : "",
            "i_show_tpl" : "top_img",
            "id" : "485660",
            "image_path" : "",
            "img" : "http://img.jiemian.com/101/original/20151224/145092778264928000_a280x210.jpg",
            "o_image" : "http://img.jiemian.com/101/original/20151224/145092778264928000_a640x320.jpg",
            "published" : "1450927922",
            "publishtime" : "1450931822",
            "s_image" : "http://img.jiemian.com/101/thumb/20151224/s_145092778264928000.jpg",
            "status" : "1",
            "summary" : "这五种糟糕投资大都于大宗商品市场走势有关。",
            "tags" : "6479",
            "title" : "2015年华尔街最糟糕的五种投资",
            "z_image" : "http://img.jiemian.com/101/original/20151224/145092778264928000_a280x210.jpg"
          },
          {
            "author_list" : [
              {
                "head_img" : "http://img.jiemian.com//static/jmw/image/author.jpg",
                "is_show_v" : "0",
                "is_v" : "0",
                "name" : "李纯",
                "remark" : "",
                "uid" : "0",
                "url" : "",
                "user_other" : "",
                "weixin" : ""
              }
            ],
            "c_image" : "http://img.jiemian.com/101/original/20151224/145092930919524100_a640x320.jpg",
            "cl_image" : "http://img.jiemian.com/101/original/20151224/145092930919524100_a640x320.jpg",
            "comment" : "0",
            "headline" : "1",
            "hit" : "",
            "i_show_tpl" : "top_img",
            "id" : "485701",
            "image_path" : "",
            "img" : "http://img.jiemian.com/101/original/20151224/145092930919524100_a280x210.jpg",
            "o_image" : "http://img.jiemian.com/101/original/20151224/145092930919524100_a640x320.jpg",
            "published" : "1450929566",
            "publishtime" : "1450931253",
            "s_image" : "http://img.jiemian.com/101/original/20151224/145092930919524100.jpg",
            "status" : "1",
            "summary" : "从《铁路沿线》到《少年小赵》，时代在变化，杜海滨拍摄的对象也在变：底层流浪汉、同性恋、采石工人、世界工厂，以及爱国主义。",
            "tags" : "",
            "title" : "“偷”故事的人",
            "z_image" : "http://img.jiemian.com/101/original/20151224/145092930919524100_a280x210.jpg"
          },
          {
            "i_show_tpl" : "banner_img",
            "i_type" : "ads",
            "img" : "http://img.jiemian.com/ads/20151223/145087968053751900.jpg",
            "img_size" : "640*420",
            "monitor_show_url" : "http://g.cn.miaozhen.com/x/k=2015642&p=6yxqO&dx=0&rt=2&ns=__IP__&ni=__IESID__&v=__LOC__&nd=__DRA__&np=__POS__&nn=__APP__&o=",
            "open_type" : "1",
            "show_type" : "1",
            "tid" : "682",
            "title" : "",
            "type" : "0",
            "type_name" : "推广",
            "url" : "http://e.cn.miaozhen.com/r/k=2015642&p=6yxqO&dx=0&rt=2&ns=__IP__&ni=__IESID__&v=__LOC__&nd=__DRA__&np=__POS__&nn=__APP__&vo=31516144b&vr=2&o=http%3A%2F%2Fwww.ipangchina.com%2Fzt%2F20151219_lhhqtj%2Findexjm.html"
          },
          {
            "author_list" : [
              {
                "head_img" : "http://img.jiemian.com/userface/210x210//661/94/102643915-1448258253.jpg",
                "is_show_v" : "2",
                "is_v" : "2",
                "name" : "天下综合报道",
                "remark" : "",
                "uid" : "102643915",
                "url" : "",
                "user_other" : "让天下没有无聊的新闻。微信请关注【最天下】：theveryworld",
                "weixin" : "theveryworld"
              }
            ],
            "c_image" : "http://img.jiemian.com/101/original/20151224/145092729360903400_a640x320.jpg",
            "cl_image" : "http://img.jiemian.com/101/original/20151224/145092729360903400_a640x320.jpg",
            "comment" : "1",
            "headline" : "1",
            "hit" : "",
            "i_show_tpl" : "top_img",
            "id" : "485616",
            "image_path" : "",
            "img" : "http://img.jiemian.com/101/original/20151224/145092729360903400_a280x210.jpg",
            "o_image" : "http://img.jiemian.com/101/original/20151224/145092729360903400_a640x320.jpg",
            "published" : "1450926778",
            "publishtime" : "1450930677",
            "s_image" : "http://img.jiemian.com/101/thumb/20151224/s_145092729360903400.jpg",
            "status" : "1",
            "summary" : "18岁的儿子Hamza Mahmood被怀疑与一个可疑的电子邮箱地址有关联。",
            "tags" : "4236,8057",
            "title" : "风声鹤唳 英国一穆斯林家庭被美国禁止前往加州迪士尼",
            "z_image" : "http://img.jiemian.com/101/original/20151224/145092729360903400_a280x210.jpg"
          },
          {
            "author_list" : [
              {
                "head_img" : "http://img.jiemian.com/userface/210x210//225/32/100000125.jpg",
                "is_show_v" : "1",
                "is_v" : "1",
                "name" : "朱梦楚",
                "remark" : "界面记者",
                "uid" : "100000125",
                "url" : "",
                "user_other" : "界面记者，关注深港动态。交流请加微信：julizhumc",
                "weixin" : "julizhumc"
              }
            ],
            "c_image" : "http://img.jiemian.com/101/original/20151224/145092963117015000_a640x320.jpg",
            "cl_image" : "http://img.jiemian.com/101/original/20151224/145092963117015000_a640x320.jpg",
            "comment" : "1",
            "headline" : "1",
            "hit" : "",
            "i_show_tpl" : "top_img",
            "id" : "485703",
            "image_path" : "",
            "img" : "http://img.jiemian.com/101/original/20151224/145092963117015000_a280x210.jpg",
            "o_image" : "http://img.jiemian.com/101/original/20151224/145092963117015000_a640x320.jpg",
            "published" : "1450929740",
            "publishtime" : "1450929987",
            "s_image" : "http://img.jiemian.com/101/thumb/20151224/s_145092963117015000.jpg",
            "status" : "1",
            "summary" : "这是内地投资者“10元”可认购的香港基金、以网上作为主要发售渠道……作为首批内地与香港互认的基金当中首只“北上”的股票型基金，行健宏扬中国基金还未上市就已做足了噱头。界面新闻记者独家专访了该基金的资产管理人——香港行健资产的行政总裁颜伟华。",
            "tags" : "2530,15258",
            "title" : "【独家】揭秘内地与香港基金互认后的首只“北上”股票型基金",
            "z_image" : "http://img.jiemian.com/101/original/20151224/145092963117015000_a280x210.jpg"
          },
          {
            "author_list" : [
              {
                "head_img" : "http://img.jiemian.com/userface/210x210/270/38/100000170.jpg",
                "is_show_v" : "1",
                "is_v" : "1",
                "name" : "林腾",
                "remark" : "界面记者",
                "uid" : "100000170",
                "url" : "",
                "user_other" : "驻扎在南方小渔村看科技潮起潮落，个人微信号：linlantern",
                "weixin" : "savemedia"
              }
            ],
            "c_image" : "http://img.jiemian.com/101/original/20151224/145092916541318700_a640x320.jpg",
            "cl_image" : "http://img.jiemian.com/101/original/20151224/145092916541318700_a640x320.jpg",
            "comment" : "8",
            "headline" : "1",
            "hit" : "",
            "i_show_tpl" : "top_img",
            "id" : "485682",
            "image_path" : "",
            "img" : "http://img.jiemian.com/101/original/20151224/145092916541318700_a280x210.jpg",
            "o_image" : "http://img.jiemian.com/101/original/20151224/145092916541318700_a640x320.jpg",
            "published" : "1450928977",
            "publishtime" : "1450929305",
            "s_image" : "http://img.jiemian.com/101/thumb/20151224/s_145092916541318700.jpg",
            "status" : "1",
            "summary" : "得益于“自拍神器”，亏损4年的卡西欧数码相机业务不仅扭亏为盈，还创下9年来的营业利润新高。",
            "tags" : "8549,10441,15256",
            "title" : "“自拍神器”让卡西欧的利润超过了尼康",
            "z_image" : "http://img.jiemian.com/101/original/20151224/145092916541318700_a280x210.jpg"
          },
          {
            "author_list" : [
              {
                "head_img" : "http://img.jiemian.com//static/jmw/image/author.jpg",
                "is_show_v" : "0",
                "is_v" : "0",
                "name" : "闫沁波",
                "remark" : "",
                "uid" : "0",
                "url" : "",
                "user_other" : "",
                "weixin" : ""
              },
              {
                "head_img" : "http://img.jiemian.com//static/jmw/image/author.jpg",
                "is_show_v" : "0",
                "is_v" : "0",
                "name" : "黄杰 ",
                "remark" : "",
                "uid" : "0",
                "url" : "",
                "user_other" : "",
                "weixin" : ""
              }
            ],
            "c_image" : "http://img.jiemian.com/101/original/20151224/145092713752951400_a640x320.jpg",
            "cl_image" : "http://img.jiemian.com/101/original/20151224/145092713752951400_a640x320.jpg",
            "comment" : "8",
            "headline" : "1",
            "hit" : "1.7w",
            "i_show_tpl" : "top_img",
            "id" : "485599",
            "image_path" : "",
            "img" : "http://img.jiemian.com/101/original/20151224/145092713752951400_a280x210.jpg",
            "o_image" : "http://img.jiemian.com/101/original/20151224/145092713752951400_a640x320.jpg",
            "published" : "1450926112",
            "publishtime" : "1450927344",
            "s_image" : "http://img.jiemian.com/101/thumb/20151224/s_145092713752951400.jpg",
            "status" : "1",
            "summary" : "今年下半年来，仍在各交易场所挂牌阶段的中小银行股权交易超过20单，其中亿元大单超过5张。",
            "tags" : "6360",
            "title" : "【21世纪经济报道】下半年20家实业资本逃离中小银行",
            "z_image" : "http://img.jiemian.com/101/original/20151224/145092713752951400_a280x210.jpg"
          },
          {
            "i_show_tpl" : "banner_img",
            "i_type" : "ads",
            "img" : "http://img.jiemian.com/ads/20151211/144983487152194000.jpg",
            "img_size" : "640*420",
            "monitor_show_url" : "http://g.cn.miaozhen.com/x/k=2009242&p=6wLh3&dx=0&rt=2&ns=__IP__&ni=__IESID__&v=__LOC__&nd=__DRA__&np=__POS__&nn=/index.php&o=",
            "open_type" : "1",
            "show_type" : "1",
            "tid" : "433",
            "title" : "",
            "type" : "0",
            "type_name" : "推广",
            "url" : "http://e.cn.miaozhen.com/r/k=2009242&p=6wLh3&dx=0&rt=2&ns=__IP__&ni=__IESID__&v=__LOC__&nd=__DRA__&np=__POS__&nn=/index.php&vo=330f26311&vr=2&o=http%3A%2F%2Fseal.m.yhouse.com%2F%3Fpk_campaign%3Dseal%26pk_kwd%3Djm"
          },
          {
            "author_list" : [
              {
                "head_img" : "http://img.jiemian.com//static/jmw/image/author.jpg",
                "is_show_v" : "0",
                "is_v" : "0",
                "name" : "界面中国报道    ",
                "remark" : "",
                "uid" : "0",
                "url" : "",
                "user_other" : "",
                "weixin" : ""
              }
            ],
            "c_image" : "http://img.jiemian.com/101/original/20151224/145093172932468100_a640x320.jpg",
            "cl_image" : "http://img.jiemian.com/101/original/20151224/145093172932468100_a640x320.jpg",
            "comment" : "8",
            "headline" : "1",
            "hit" : "",
            "i_show_tpl" : "top_img",
            "id" : "485551",
            "image_path" : "",
            "img" : "http://img.jiemian.com/101/original/20151224/145093172932468100_a280x210.jpg",
            "o_image" : "http://img.jiemian.com/101/original/20151224/145093172932468100_a640x320.jpg",
            "published" : "1450924825",
            "publishtime" : "1450927129",
            "s_image" : "http://img.jiemian.com/101/thumb/20151224/s_145093172932468100.jpg",
            "status" : "1",
            "summary" : "近日，中共中央办公厅、国务院办公厅印发了《关于做好2016年元旦春节期间有关工作的通知》。通知要求，严肃查处恶意欠薪案件，让农民工按时足额拿到应得的报酬，要坚持节俭办晚会和节庆演出，严禁用财政性资金举办年会、经营性文艺晚会。",
            "tags" : "8407",
            "title" : "中办国办：两节严查恶意欠薪 优化手机客户端等售票方式",
            "z_image" : "http://img.jiemian.com/101/original/20151224/145093172932468100_a280x210.jpg"
          },
          {
            "author_list" : [
              {
                "head_img" : "http://img.jiemian.com/userface/210x210//661/94/102643915-1448258253.jpg",
                "is_show_v" : "2",
                "is_v" : "2",
                "name" : "天下综合报道",
                "remark" : "",
                "uid" : "102643915",
                "url" : "",
                "user_other" : "让天下没有无聊的新闻。微信请关注【最天下】：theveryworld",
                "weixin" : "theveryworld"
              }
            ],
            "c_image" : "http://img.jiemian.com/101/original/20151224/145092505820663700_a640x320.jpg",
            "cl_image" : "http://img.jiemian.com/101/original/20151224/145092505820663700_a640x320.jpg",
            "comment" : "1",
            "headline" : "1",
            "hit" : "1.7w",
            "i_show_tpl" : "top_img",
            "id" : "485567",
            "image_path" : "",
            "img" : "http://img.jiemian.com/101/original/20151224/145092505820663700_a280x210.jpg",
            "o_image" : "http://img.jiemian.com/101/original/20151224/145092505820663700_a640x320.jpg",
            "published" : "1450925309",
            "publishtime" : "1450926295",
            "s_image" : "http://img.jiemian.com/101/thumb/20151224/s_145092505820663700.jpg",
            "status" : "1",
            "summary" : "俄调查委员会发言人称，霍多尔科夫斯基涉嫌策划数起谋杀。",
            "tags" : "7311",
            "title" : "俄罗斯前首富要“二进宫”？俄当局全球通缉霍多尔科夫斯基",
            "z_image" : "http://img.jiemian.com/101/original/20151224/145092505820663700_a280x210.jpg"
          },
          {
            "author_list" : [
              {
                "head_img" : "http://img.jiemian.com/userface/210x210/878/125/100000778.jpg",
                "is_show_v" : "1",
                "is_v" : "1",
                "name" : "曾宇",
                "remark" : "界面记者",
                "uid" : "100000778",
                "url" : "",
                "user_other" : "保持对话，直到我们变老。对话停了，我们就死了。",
                "weixin" : "theveryworld"
              }
            ],
            "c_image" : "http://img.jiemian.com/101/original/20151224/145092331022884200_a640x320.jpg",
            "cl_image" : "http://img.jiemian.com/101/original/20151224/145092331022884200_a640x320.jpg",
            "comment" : "0",
            "headline" : "1",
            "hit" : "1.8w",
            "i_show_tpl" : "top_img",
            "id" : "485477",
            "image_path" : "",
            "img" : "http://img.jiemian.com/101/original/20151224/145092331022884200_a280x210.jpg",
            "o_image" : "http://img.jiemian.com/101/original/20151224/145092331022884200_a640x320.jpg",
            "published" : "1450922658",
            "publishtime" : "1450923996",
            "s_image" : "http://img.jiemian.com/101/thumb/20151224/s_145092331022884200.jpg",
            "status" : "1",
            "summary" : "俄罗斯回击大赦国际一份批评其叙利亚空袭行动造成平民伤亡的报告“一派胡言”，称其内容为一贯的“陈腔滥调和虚构”。大赦国际反击称，俄罗斯无法仅用几篇声明就擦去这些调研成果。",
            "tags" : "1426,3059,7311,8049,10007",
            "title" : "空袭叙利亚致死数百平民？俄罗斯炮轰大赦国际报告",
            "z_image" : "http://img.jiemian.com/101/original/20151224/145092331022884200_a280x210.jpg"
          },
          {
            "author_list" : [],
            "c_image" : "http://img.jiemian.com/101/original/20151224/145092353395573300_a640x320.jpg",
            "cl_image" : "http://img.jiemian.com/101/original/20151224/145092353395573300_a640x320.jpg",
            "comment" : "0",
            "headline" : "1",
            "hit" : "1.9w",
            "i_show_tpl" : "top_img",
            "id" : "485411",
            "image_path" : "",
            "img" : "http://img.jiemian.com/101/original/20151224/145092353395573300_a280x210.jpg",
            "o_image" : "http://img.jiemian.com/101/original/20151224/145092353395573300_a640x320.jpg",
            "published" : "1450920939",
            "publishtime" : "1450920952",
            "s_image" : "http://img.jiemian.com/101/thumb/20151224/s_145092353395573300.jpg",
            "status" : "1",
            "summary" : "据央视消息，今天上午9点，上海市浦东新区人民法院对被告单位广东二十一世纪传媒股份有限公司强迫交易案，被告人沈颢敲诈勒索、强迫交易、职务侵占案，被告人乐冰职务侵占案作出一审判决。",
            "tags" : "",
            "title" : "二十一世纪传媒原总裁沈颢被判处有期徒刑四年",
            "z_image" : "http://img.jiemian.com/101/original/20151224/145092353395573300_a280x210.jpg"
          },
          {
            "author_list" : [
              {
                "head_img" : "http://img.jiemian.com/userface/210x210//765/109/101028636-1429927506.jpg",
                "is_show_v" : "1",
                "is_v" : "1",
                "name" : "李阿为",
                "remark" : "",
                "uid" : "101028636",
                "url" : "",
                "user_other" : "界面时尚记者，常驻北京，关注时尚、设计与营销领域。",
                "weixin" : "394875164，加我请注明公司及个人信息，谢谢"
              }
            ],
            "c_image" : "http://img.jiemian.com/101/original/20151223/145087867770541800_a640x320.jpg",
            "cl_image" : "http://img.jiemian.com/101/original/20151223/145087867770541800_a640x320.jpg",
            "comment" : "2",
            "headline" : "1",
            "hit" : "2.1w",
            "i_show_tpl" : "top_img",
            "id" : "485081",
            "image_path" : "",
            "img" : "http://img.jiemian.com/101/original/20151223/145087867770541800_a280x210.jpg",
            "o_image" : "http://img.jiemian.com/101/original/20151223/145087867770541800_a640x320.jpg",
            "published" : "1450878983",
            "publishtime" : "1450920838",
            "s_image" : "http://img.jiemian.com/101/thumb/20151223/s_145087867770541800.jpg",
            "status" : "1",
            "summary" : "尽管在街头巷尾过度曝光的Adidas Stan Smith 早已让今年的时尚编辑们不屑一谈，可这热销背后的秘密却值得一探。",
            "tags" : "545,2118,6374",
            "title" : "每一个爆款都是一次策划 Adidas小白鞋再次证明了这件事",
            "z_image" : "http://img.jiemian.com/101/original/20151223/145087867770541800_a280x210.jpg"
          },
          {
            "author_list" : [
              {
                "head_img" : "http://img.jiemian.com//static/jmw/image/author.jpg",
                "is_show_v" : "0",
                "is_v" : "0",
                "name" : "饭酔分子",
                "remark" : "",
                "uid" : "0",
                "url" : "",
                "user_other" : "",
                "weixin" : ""
              }
            ],
            "c_image" : "http://img.jiemian.com/101/original/20151224/145091981221557900_a640x320.jpg",
            "cl_image" : "http://img.jiemian.com/101/original/20151224/145091981221557900_a640x320.jpg",
            "comment" : "6",
            "headline" : "1",
            "hit" : "12.4w",
            "i_show_tpl" : "top_img",
            "id" : "485301",
            "image_path" : "",
            "img" : "http://img.jiemian.com/101/original/20151224/145091981221557900_a280x210.jpg",
            "o_image" : "http://img.jiemian.com/101/original/20151224/145091981221557900_a640x320.jpg",
            "published" : "1450916301",
            "publishtime" : "1450919828",
            "s_image" : "http://img.jiemian.com/101/thumb/20151224/s_145091981221557900.jpg",
            "status" : "1",
            "summary" : "近日，阿里巴巴集团宣布，任命苹果公司前法律顾问马修·巴西尔为集团副总裁兼全球知识产权执法主管，此举旨在打击其平台上的假货和保护全球范围内的知识产权。",
            "tags" : "",
            "title" : "【虎嗅】刘强东说“阿里打假一个人就够了”，这次马云真挖来这么“一个人”",
            "z_image" : "http://img.jiemian.com/101/original/20151224/145091981221557900_a280x210.jpg"
          },
          {
            "author_list" : [
              {
                "head_img" : "http://img.jiemian.com/userface/210x210//944/848/100005839-1442678721.jpg",
                "is_show_v" : "1",
                "is_v" : "1",
                "name" : "熊少翀",
                "remark" : "",
                "uid" : "100005839",
                "url" : "",
                "user_other" : "驻北京。微信：masonhsiung（添加请备注公司职务姓名）",
                "weixin" : "masonhsiung"
              }
            ],
            "c_image" : "http://img.jiemian.com/101/original/20151224/145091842635287000_a640x320.jpg",
            "cl_image" : "http://img.jiemian.com/101/original/20151224/145091842635287000_a640x320.jpg",
            "comment" : "1",
            "headline" : "1",
            "hit" : "2.2w",
            "i_show_tpl" : "top_img",
            "id" : "485351",
            "image_path" : "",
            "img" : "http://img.jiemian.com/101/original/20151224/145091842635287000_a280x210.jpg",
            "o_image" : "http://img.jiemian.com/101/original/20151224/145091842635287000_a640x320.jpg",
            "published" : "1450918453",
            "publishtime" : "1450919299",
            "s_image" : "http://img.jiemian.com/101/thumb/20151224/s_145091842635287000.jpg",
            "status" : "1",
            "summary" : "国内企业的制造、创新和服务能力能否抵御大数据和智能制造浪潮？",
            "tags" : "30,35,5844,8626",
            "title" : "卖挖掘机的企业不做大数据会死么",
            "z_image" : "http://img.jiemian.com/101/original/20151224/145091842635287000_a280x210.jpg"
          },
          {
            "author_list" : [
              {
                "head_img" : "http://img.jiemian.com//static/jmw/image/author.jpg",
                "is_show_v" : "0",
                "is_v" : "0",
                "name" : "Michael J. De La Merced",
                "remark" : "",
                "uid" : "0",
                "url" : "",
                "user_other" : "",
                "weixin" : ""
              }
            ],
            "c_image" : "http://img.jiemian.com/101/original/20151223/145087337486211600_a640x320.jpg",
            "cl_image" : "http://img.jiemian.com/101/original/20151223/145087337486211600_a640x320.jpg",
            "comment" : "2",
            "headline" : "1",
            "hit" : "1.7w",
            "i_show_tpl" : "top_img",
            "id" : "484646",
            "image_path" : "",
            "img" : "http://img.jiemian.com/101/original/20151223/145087337486211600_a280x210.jpg",
            "o_image" : "http://img.jiemian.com/101/original/20151223/145087337486211600_a640x320.jpg",
            "published" : "1450857470",
            "publishtime" : "1450918800",
            "s_image" : "http://img.jiemian.com/101/thumb/20151223/s_145087337486211600.jpg",
            "status" : "1",
            "summary" : "Net-a-Porter 创始人相信，接受 Yoox 以14亿美元的收购价真的太亏了。",
            "tags" : "",
            "title" : "【纽约时报】全球最大奢侈品电商合并诞生之后 内部明争暗斗不断",
            "z_image" : "http://img.jiemian.com/101/original/20151223/145087337486211600_a280x210.jpg"
          },
          {
            "author_list" : [
              {
                "head_img" : "http://img.jiemian.com//static/jmw/image/author.jpg",
                "is_show_v" : "0",
                "is_v" : "0",
                "name" : "环球网",
                "remark" : "",
                "uid" : "0",
                "url" : "",
                "user_other" : "",
                "weixin" : ""
              }
            ],
            "c_image" : "http://img.jiemian.com/101/original/20151224/145091653586497700_a640x320.jpg",
            "cl_image" : "http://img.jiemian.com/101/original/20151224/145091653586497700_a640x320.jpg",
            "comment" : "0",
            "headline" : "1",
            "hit" : "5.7w",
            "i_show_tpl" : "top_img",
            "id" : "485311",
            "image_path" : "",
            "img" : "http://img.jiemian.com/101/original/20151224/145091653586497700_a280x210.jpg",
            "o_image" : "http://img.jiemian.com/101/original/20151224/145091653586497700_a640x320.jpg",
            "published" : "1450916552",
            "publishtime" : "1450918073",
            "s_image" : "http://img.jiemian.com/101/thumb/20151224/s_145091653586497700.jpg",
            "status" : "1",
            "summary" : "俄罗斯国防部官方代表科纳申科夫声明，在苏-24被击落时，土耳其总司令部明确知道俄罗斯轰炸机执行战斗任务的确切时间和区域，而这可以被视为土耳其已经承认其击落苏-24的行为是提前策划好的阴谋。",
            "tags" : "5959,7311,10007",
            "title" : "俄罗斯称土耳其声明显示其“承认”击落苏-24是阴谋",
            "z_image" : "http://img.jiemian.com/101/original/20151224/145091653586497700_a280x210.jpg"
          },
          {
            "author_list" : [
              {
                "head_img" : "http://img.jiemian.com//static/jmw/image/author.jpg",
                "is_show_v" : "0",
                "is_v" : "0",
                "name" : "界面中国报道    ",
                "remark" : "",
                "uid" : "0",
                "url" : "",
                "user_other" : "",
                "weixin" : ""
              }
            ],
            "c_image" : "http://img.jiemian.com/101/original/20151224/145091745954348300_a640x320.jpg",
            "cl_image" : "http://img.jiemian.com/101/original/20151224/145091745954348300_a640x320.jpg",
            "comment" : "9",
            "headline" : "1",
            "hit" : "1.8w",
            "i_show_tpl" : "top_img",
            "id" : "485019",
            "image_path" : "",
            "img" : "http://img.jiemian.com/101/original/20151224/145091745954348300_a280x210.jpg",
            "o_image" : "http://img.jiemian.com/101/original/20151224/145091745954348300_a640x320.jpg",
            "published" : "1450875190",
            "publishtime" : "1450917563",
            "s_image" : "http://img.jiemian.com/101/thumb/20151224/s_145091745954348300.jpg",
            "status" : "1",
            "summary" : "习近平表示，中央充分肯定梁振英和特区政府的工作，强调中央贯彻“一国两制”方针，坚定不移、不会变、不动摇。",
            "tags" : "8407",
            "title" : "习近平会见来京述职的梁振英：确保“一国两制”方针不走样",
            "z_image" : "http://img.jiemian.com/101/original/20151224/145091745954348300_a280x210.jpg"
          },
          {
            "author_list" : [
              {
                "head_img" : "http://img.jiemian.com/userface/210x210//661/94/102643915-1448258253.jpg",
                "is_show_v" : "2",
                "is_v" : "2",
                "name" : "天下综合报道",
                "remark" : "",
                "uid" : "102643915",
                "url" : "",
                "user_other" : "让天下没有无聊的新闻。微信请关注【最天下】：theveryworld",
                "weixin" : "theveryworld"
              }
            ],
            "c_image" : "http://img.jiemian.com/101/original/20151224/14509147358405100_a640x320.jpg",
            "cl_image" : "http://img.jiemian.com/101/original/20151224/14509147358405100_a640x320.jpg",
            "comment" : "4",
            "headline" : "1",
            "hit" : "1.1w",
            "i_show_tpl" : "top_img",
            "id" : "485250",
            "image_path" : "",
            "img" : "http://img.jiemian.com/101/original/20151224/14509147358405100_a280x210.jpg",
            "o_image" : "http://img.jiemian.com/101/original/20151224/14509147358405100_a640x320.jpg",
            "published" : "1450914043",
            "publishtime" : "1450915958",
            "s_image" : "http://img.jiemian.com/101/thumb/20151224/s_14509147358405100.jpg",
            "status" : "1",
            "summary" : "澳大利亚反恐部门周三逮捕两名嫌犯，指控他们计划对包括一海军基地在内的目标进行袭击。两周前，警方以同样的罪名指控了另外五人。",
            "tags" : "2697,3614,13525",
            "title" : "澳大利亚反恐行动逮捕两名嫌犯 海军基地是密谋袭击目标",
            "z_image" : "http://img.jiemian.com/101/original/20151224/14509147358405100_a280x210.jpg"
          },
          {
            "author_list" : [
              {
                "head_img" : "http://img.jiemian.com/userface/210x210/270/38/100000170.jpg",
                "is_show_v" : "1",
                "is_v" : "1",
                "name" : "林腾",
                "remark" : "界面记者",
                "uid" : "100000170",
                "url" : "",
                "user_other" : "驻扎在南方小渔村看科技潮起潮落，个人微信号：linlantern",
                "weixin" : "savemedia"
              }
            ],
            "c_image" : "http://img.jiemian.com/101/original/20151224/145091475136069600_a640x320.jpg",
            "cl_image" : "http://img.jiemian.com/101/original/20151224/145091475136069600_a640x320.jpg",
            "comment" : "5",
            "headline" : "1",
            "hit" : "2.6w",
            "i_show_tpl" : "top_img",
            "id" : "485259",
            "image_path" : "",
            "img" : "http://img.jiemian.com/101/original/20151224/145091475136069600_a280x210.jpg",
            "o_image" : "http://img.jiemian.com/101/original/20151224/145091475136069600_a640x320.jpg",
            "published" : "1450914916",
            "publishtime" : "1450915260",
            "s_image" : "http://img.jiemian.com/101/thumb/20151224/s_145091475136069600.jpg",
            "status" : "1",
            "summary" : "乐视联合多方影视公司强烈谴责百度云盘非法传播《芈月传》，百度吓坏了，并称发现一条就删除一条。",
            "tags" : "265,292,3199,12355",
            "title" : "【科技早报】乐视宣战百度非法传播《芈月传》 小米启动以旧换新业务",
            "z_image" : "http://img.jiemian.com/101/original/20151224/145091475136069600_a280x210.jpg"
          },
          {
            "author_list" : [
              {
                "head_img" : "http://img.jiemian.com/userface/210x210//648/806/100012536-1449573816.png",
                "is_show_v" : "1",
                "is_v" : "1",
                "name" : "邵卉",
                "remark" : "",
                "uid" : "100012536",
                "url" : "",
                "user_other" : "时尚、设计、营销、咨询管理",
                "weixin" : "flore_sh_par"
              }
            ],
            "c_image" : "http://img.jiemian.com/101/original/20151223/145086050973888300_a640x320.jpg",
            "cl_image" : "http://img.jiemian.com/101/original/20151223/145086050973888300_a640x320.jpg",
            "comment" : "12",
            "headline" : "1",
            "hit" : "2.6w",
            "i_show_tpl" : "top_img",
            "id" : "484758",
            "image_path" : "",
            "img" : "http://img.jiemian.com/101/original/20151223/145086050973888300_a280x210.jpg",
            "o_image" : "http://img.jiemian.com/101/original/20151223/145086050973888300_a640x320.jpg",
            "published" : "1450861017",
            "publishtime" : "1450915200",
            "s_image" : "http://img.jiemian.com/101/thumb/20151223/s_145086050973888300.jpg",
            "status" : "1",
            "summary" : "继香水之后，奢侈品牌又摸索出了一条新的生财之道。",
            "tags" : "3178,9121",
            "title" : "别小瞧钥匙环和手机壳 大牌们今年靠配饰赚了300多亿",
            "z_image" : "http://img.jiemian.com/101/original/20151223/145086050973888300_a280x210.jpg"
          },
          {
            "author_list" : [
              {
                "head_img" : "http://img.jiemian.com/userface/210x210/234/33/100000134.jpg",
                "is_show_v" : "1",
                "is_v" : "1",
                "name" : "李继远",
                "remark" : "界面记者",
                "uid" : "100000134",
                "url" : "",
                "user_other" : "lijiyuan@jiemian.com",
                "weixin" : "wowjiemian"
              }
            ],
            "c_image" : "http://img.jiemian.com/101/original/20151223/145088313829485000_a640x320.jpg",
            "cl_image" : "http://img.jiemian.com/101/original/20151223/145088313829485000_a640x320.jpg",
            "comment" : "8",
            "headline" : "1",
            "hit" : "2w",
            "i_show_tpl" : "top_img",
            "id" : "485164",
            "image_path" : "",
            "img" : "http://img.jiemian.com/101/original/20151223/145088313829485000_a280x210.jpg",
            "o_image" : "http://img.jiemian.com/101/original/20151223/145088313829485000_a640x320.jpg",
            "published" : "1450883278",
            "publishtime" : "1450915200",
            "s_image" : "http://img.jiemian.com/101/thumb/20151223/s_145088313829485000.jpg",
            "status" : "1",
            "summary" : "青岛啤酒甩出了两宗从未开发过的地块，接手方是山东另一家上市公司晨鸣纸业的大股东寿光晨鸣控股有限公司。",
            "tags" : "11,212,5662",
            "title" : "两家传统行业公司的进与退：晨鸣纸业大股东买下青岛啤酒的两块地",
            "z_image" : "http://img.jiemian.com/101/original/20151223/145088313829485000_a280x210.jpg"
          },
          {
            "author_list" : [
              {
                "head_img" : "http://img.jiemian.com/userface/210x210/270/38/100000170.jpg",
                "is_show_v" : "1",
                "is_v" : "1",
                "name" : "林腾",
                "remark" : "界面记者",
                "uid" : "100000170",
                "url" : "",
                "user_other" : "驻扎在南方小渔村看科技潮起潮落，个人微信号：linlantern",
                "weixin" : "savemedia"
              }
            ],
            "c_image" : "http://img.jiemian.com/101/original/20151223/145087408015538100_a640x320.jpg",
            "cl_image" : "http://img.jiemian.com/101/original/20151223/145087408015538100_a640x320.jpg",
            "comment" : "7",
            "headline" : "1",
            "hit" : "2.1w",
            "i_show_tpl" : "top_img",
            "id" : "485011",
            "image_path" : "",
            "img" : "http://img.jiemian.com/101/original/20151223/145087408015538100_a280x210.jpg",
            "o_image" : "http://img.jiemian.com/101/original/20151223/145087408015538100_a640x320.jpg",
            "published" : "1450874201",
            "publishtime" : "1450914300",
            "s_image" : "http://img.jiemian.com/101/thumb/20151223/s_145087408015538100.jpg",
            "status" : "1",
            "summary" : "不是只有大爷大妈才在网上斗地主，现在有两亿人在玩棋牌类网游。",
            "tags" : "8501,9901",
            "title" : "棋牌游戏返老还童",
            "z_image" : "http://img.jiemian.com/101/original/20151223/145087408015538100_a280x210.jpg"
          },
          {
            "author_list" : [
              {
                "head_img" : "http://img.jiemian.com/userface/210x210/240/34/100000140.jpg",
                "is_show_v" : "1",
                "is_v" : "1",
                "name" : "王子辰",
                "remark" : "界面研究员",
                "uid" : "100000140",
                "url" : "",
                "user_other" : "非常开心现在越来越多的人就银行的看法与我展开讨论，这是我前进的动力，谢谢所有的读者朋友！专业，始于专注！",
                "weixin" : "frm2013"
              },
              {
                "head_img" : "http://img.jiemian.com//static/jmw/image/author.jpg",
                "is_show_v" : "0",
                "is_v" : "0",
                "name" : "曹恩惠",
                "remark" : "",
                "uid" : "0",
                "url" : "",
                "user_other" : "",
                "weixin" : ""
              }
            ],
            "c_image" : "http://img.jiemian.com/101/original/20151224/145091328943674600_a640x320.jpg",
            "cl_image" : "http://img.jiemian.com/101/original/20151224/145091328943674600_a640x320.jpg",
            "comment" : "5",
            "headline" : "1",
            "hit" : "2.2w",
            "i_show_tpl" : "top_img",
            "id" : "485201",
            "image_path" : "",
            "img" : "http://img.jiemian.com/101/original/20151224/145091328943674600_a280x210.jpg",
            "o_image" : "http://img.jiemian.com/101/original/20151224/145091328943674600_a640x320.jpg",
            "published" : "1450888589",
            "publishtime" : "1450913327",
            "s_image" : "http://img.jiemian.com/101/thumb/20151224/s_145091328943674600.jpg",
            "status" : "1",
            "summary" : "对于涨幅可观、目前市盈率高达15倍的万科A来讲，未来还有多大的向上空间？",
            "tags" : "618,11460,12291,13567,15132",
            "title" : "万科VS宝能：谁获胜对中小股东有益？",
            "z_image" : "http://img.jiemian.com/101/original/20151224/145091328943674600_a280x210.jpg"
          },
          {
            "author_list" : [
              {
                "head_img" : "http://img.jiemian.com/userface/210x210//46/149/103567375-1443179646.jpg",
                "is_show_v" : "1",
                "is_v" : "1",
                "name" : "梁瑀可",
                "remark" : "",
                "uid" : "103567375",
                "url" : "",
                "user_other" : "资本市场观察者",
                "weixin" : "83233525"
              }
            ],
            "c_image" : "http://img.jiemian.com/101/original/20151223/145088057488377600_a640x320.jpg",
            "cl_image" : "http://img.jiemian.com/101/original/20151223/145088057488377600_a640x320.jpg",
            "comment" : "8",
            "headline" : "1",
            "hit" : "1.7w",
            "i_show_tpl" : "top_img",
            "id" : "485130",
            "image_path" : "",
            "img" : "http://img.jiemian.com/101/original/20151223/145088057488377600_a280x210.jpg",
            "o_image" : "http://img.jiemian.com/101/original/20151223/145088057488377600_a640x320.jpg",
            "published" : "1450880591",
            "publishtime" : "1450912500",
            "s_image" : "http://img.jiemian.com/101/thumb/20151223/s_145088057488377600.jpg",
            "status" : "1",
            "summary" : "在经历12名公司高管被调查和协助调查之后，中信证券正在用一切措施，恢复其因高管调查风波而损失的商誉。",
            "tags" : "81,5927,8605,13075",
            "title" : "中信证券新设监察部 首现券商监督员工职业道德部门",
            "z_image" : "http://img.jiemian.com/101/original/20151223/145088057488377600_a280x210.jpg"
          },
          {
            "author_list" : [
              {
                "head_img" : "http://img.jiemian.com/userface/210x210//349/49/103426819-1432827260.jpg",
                "is_show_v" : "1",
                "is_v" : "1",
                "name" : "黄慧玲",
                "remark" : "",
                "uid" : "103426819",
                "url" : "",
                "user_other" : "新闻业守望者，驻扎广州。目前关注基金、股市，致力于为投资者辨识好基金好经理，去粗取精、去伪存真。欢迎私信交流！",
                "weixin" : "x"
              }
            ],
            "c_image" : "http://img.jiemian.com/101/original/20151223/14508794566915100_a640x320.jpg",
            "cl_image" : "http://img.jiemian.com/101/original/20151223/14508794566915100_a640x320.jpg",
            "comment" : "10",
            "headline" : "1",
            "hit" : "2.5w",
            "i_show_tpl" : "top_img",
            "id" : "485097",
            "image_path" : "",
            "img" : "http://img.jiemian.com/101/original/20151223/14508794566915100_a280x210.jpg",
            "o_image" : "http://img.jiemian.com/101/original/20151223/14508794566915100_a640x320.jpg",
            "published" : "1450879513",
            "publishtime" : "1450911600",
            "s_image" : "http://img.jiemian.com/101/thumb/20151223/s_14508794566915100.jpg",
            "status" : "1",
            "summary" : "今年以来复权单位净值增长率低于-30%的开放式基金，共18只。其中今年发行的新基金共有14只，占比达七成之多。",
            "tags" : "233,4465,4553,4855,5974,8729",
            "title" : "这些基金今年亏损超三成 牛市买新基让你血本无归",
            "z_image" : "http://img.jiemian.com/101/original/20151223/14508794566915100_a280x210.jpg"
          },
          {
            "author_list" : [
              {
                "head_img" : "http://img.jiemian.com/userface/210x210//49/720/102144802-1428477256.jpg",
                "is_show_v" : "1",
                "is_v" : "1",
                "name" : "张晓添",
                "remark" : "",
                "uid" : "102144802",
                "url" : "",
                "user_other" : "保持好奇心",
                "weixin" : "theveryworld"
              }
            ],
            "c_image" : "http://img.jiemian.com/101/original/20151223/145086401552705400_a640x320.jpg",
            "cl_image" : "http://img.jiemian.com/101/original/20151223/145086401552705400_a640x320.jpg",
            "comment" : "11",
            "headline" : "1",
            "hit" : "3w",
            "i_show_tpl" : "top_img",
            "id" : "484826",
            "image_path" : "",
            "img" : "http://img.jiemian.com/101/original/20151223/145086401552705400_a280x210.jpg",
            "o_image" : "http://img.jiemian.com/101/original/20151223/145086401552705400_a640x320.jpg",
            "published" : "1450864214",
            "publishtime" : "1450882421",
            "s_image" : "http://img.jiemian.com/101/thumb/20151223/s_145086401552705400.jpg",
            "status" : "1",
            "summary" : "由于大宗商品持续低迷，美国此时步入货币政策紧缩周期令新兴市场货币遭到“双重打击”。",
            "tags" : "6479",
            "title" : "阿塞拜疆货币崩溃凸显新兴市场面临“双重压力”",
            "z_image" : "http://img.jiemian.com/101/original/20151223/145086401552705400_a280x210.jpg"
          },
          {
            "author_list" : [
              {
                "head_img" : "http://img.jiemian.com//static/jmw/image/author.jpg",
                "is_show_v" : "0",
                "is_v" : "0",
                "name" : "苗艺伟",
                "remark" : "",
                "uid" : "0",
                "url" : "",
                "user_other" : "",
                "weixin" : ""
              }
            ],
            "c_image" : "http://img.jiemian.com/101/original/20151223/145087891456617600_a640x320.jpg",
            "cl_image" : "http://img.jiemian.com/101/original/20151223/145087891456617600_a640x320.jpg",
            "comment" : "6",
            "headline" : "1",
            "hit" : "2.9w",
            "i_show_tpl" : "top_img",
            "id" : "485072",
            "image_path" : "",
            "img" : "http://img.jiemian.com/101/original/20151223/145087891456617600_a280x210.jpg",
            "o_image" : "http://img.jiemian.com/101/original/20151223/145087891456617600_a640x320.jpg",
            "published" : "1450878921",
            "publishtime" : "1450879813",
            "s_image" : "http://img.jiemian.com/101/thumb/20151223/s_145087891456617600.jpg",
            "status" : "1",
            "summary" : "上海和北京两地股权交易中心争相表示，即将开板“科创板”股权交易市场，也俗称四板市场。",
            "tags" : "2059,4363,7211,5777",
            "title" : "新三板已不够用 京沪两地争相开启“科创板”",
            "z_image" : "http://img.jiemian.com/101/original/20151223/145087891456617600_a280x210.jpg"
          },
          {
            "author_list" : [
              {
                "head_img" : "http://img.jiemian.com/userface/210x210//558/650/102305151-1446185521.jpg",
                "is_show_v" : "1",
                "is_v" : "1",
                "name" : "罗强",
                "remark" : "",
                "uid" : "102305151",
                "url" : "",
                "user_other" : "微信号ROMANLQ (务必标注真实姓名＋公司名称) ",
                "weixin" : "ROMANLQ"
              }
            ],
            "c_image" : "http://img.jiemian.com/101/original/20151223/145087645160047700_a640x320.jpg",
            "cl_image" : "http://img.jiemian.com/101/original/20151223/145087645160047700_a640x320.jpg",
            "comment" : "20",
            "headline" : "1",
            "hit" : "18.7w",
            "i_show_tpl" : "top_img",
            "id" : "485043",
            "image_path" : "",
            "img" : "http://img.jiemian.com/101/original/20151223/145087645160047700_a280x210.jpg",
            "o_image" : "http://img.jiemian.com/101/original/20151223/145087645160047700_a640x320.jpg",
            "published" : "1450876518",
            "publishtime" : "1450876935",
            "s_image" : "http://img.jiemian.com/101/thumb/20151223/s_145087645160047700.jpg",
            "status" : "1",
            "summary" : "监管机构首次摸底“宝能系”企业。而《万科周刊》晚间撰文暗示，王石在瑞银发言并非服软，他仍将战斗到最后一刻。",
            "tags" : "993,13075,15132",
            "title" : "王石并非服软 监管层开始摸底“宝能系”",
            "z_image" : "http://img.jiemian.com/101/original/20151223/145087645160047700_a280x210.jpg"
          },
          {
            "author_list" : [
              {
                "head_img" : "http://img.jiemian.com/userface/210x210//869/695/104291474-1436259253.jpg",
                "is_show_v" : "1",
                "is_v" : "1",
                "name" : "李启玮",
                "remark" : "",
                "uid" : "104291474",
                "url" : "",
                "user_other" : "界面华南区时政记者，base深圳和香港，关注社会时事，宏观政策，港澳事务。欢迎提供新闻线索给liqiwei@jiemian.com",
                "weixin" : "523149295"
              }
            ],
            "c_image" : "http://img.jiemian.com/101/original/20151223/145087390845964500_a640x320.jpg",
            "cl_image" : "http://img.jiemian.com/101/original/20151223/145087390845964500_a640x320.jpg",
            "comment" : "3",
            "headline" : "1",
            "hit" : "2.7w",
            "i_show_tpl" : "top_img",
            "id" : "484930",
            "image_path" : "",
            "img" : "http://img.jiemian.com/101/original/20151223/145087390845964500_a280x210.jpg",
            "o_image" : "http://img.jiemian.com/101/original/20151223/145087390845964500_a640x320.jpg",
            "published" : "1450868743",
            "publishtime" : "1450874854",
            "s_image" : "http://img.jiemian.com/101/thumb/20151223/s_145087390845964500.jpg",
            "status" : "1",
            "summary" : "雾霾之下，全国各地共呼吸同命运，而在南京，竟然出现了枚红色的雾霾；学霸市长栾庆伟被双开，辽宁省高学历官员数量惊人；山西吕梁副市长被移送司法，媒体称其受贿金额惊人；宁波“中国好同学\" 同学聚会每人送一部iphone6s，深圳滑坡事故仍在救援中……",
            "tags" : "14590",
            "title" : "中国最大原油码头被日本船舶碰坏 打官司三年获赔5500万",
            "z_image" : "http://img.jiemian.com/101/original/20151223/145087390845964500_a280x210.jpg"
          },
          {
            "author_list" : [
              {
                "head_img" : "http://img.jiemian.com/userface/210x210/885/697/104620161-1448867660.jpg",
                "is_show_v" : "1",
                "is_v" : "1",
                "name" : "聂琳",
                "remark" : "",
                "uid" : "104620161",
                "url" : "",
                "user_other" : "",
                "weixin" : ""
              }
            ],
            "c_image" : "http://img.jiemian.com/101/original/20151223/14508765835177200_a640x320.jpg",
            "cl_image" : "http://img.jiemian.com/101/original/20151223/14508765835177200_a640x320.jpg",
            "comment" : "4",
            "headline" : "1",
            "hit" : "2.3w",
            "i_show_tpl" : "top_img",
            "id" : "484729",
            "image_path" : "",
            "img" : "http://img.jiemian.com/101/original/20151223/14508765835177200_a280x210.jpg",
            "o_image" : "http://img.jiemian.com/101/original/20151223/14508765835177200_a640x320.jpg",
            "published" : "1450860437",
            "publishtime" : "1450874237",
            "s_image" : "http://img.jiemian.com/101/thumb/20151223/s_14508765835177200.jpg",
            "status" : "1",
            "summary" : "投资者在美联储加息前一个季度就已经最大规模地“逃离”了发展中经济体。",
            "tags" : "637,1435,6479",
            "title" : "IMF：新兴市场最严重的资本外流可能已经结束",
            "z_image" : "http://img.jiemian.com/101/original/20151223/14508765835177200_a280x210.jpg"
          },
          {
            "author_list" : [
              {
                "head_img" : "http://img.jiemian.com//static/jmw/image/author.jpg",
                "is_show_v" : "1",
                "is_v" : "1",
                "name" : "杨中华",
                "remark" : "",
                "uid" : "107517922",
                "url" : "",
                "user_other" : "关注商业银行、互联网金融等各类金融机构、业态以及监管。交流、爆料请发邮件：yangzhonghua@jiemian.com",
                "weixin" : "yzhbeijing"
              }
            ],
            "c_image" : "http://img.jiemian.com/101/original/20151223/145086996944932400_a640x320.jpg",
            "cl_image" : "http://img.jiemian.com/101/original/20151223/145086996944932400_a640x320.jpg",
            "comment" : "6",
            "headline" : "1",
            "hit" : "1.8w",
            "i_show_tpl" : "top_img",
            "id" : "484966",
            "image_path" : "",
            "img" : "http://img.jiemian.com/101/original/20151223/145086996944932400_a280x210.jpg",
            "o_image" : "http://img.jiemian.com/101/original/20151223/145086996944932400_a640x320.jpg",
            "published" : "1450870017",
            "publishtime" : "1450870622",
            "s_image" : "http://img.jiemian.com/101/thumb/20151223/s_145086996944932400.jpg",
            "status" : "1",
            "summary" : "自2016年1月4日起，银行间外汇市场交易系统每日运行时间延长至北京时间23:30。专家称此举与目前人民币贬值相关性不大。",
            "tags" : "13983,3877,4861",
            "title" : "外汇交易“夜盘”启动 合格境外主体可参与银行间外汇市场交易",
            "z_image" : "http://img.jiemian.com/101/original/20151223/145086996944932400_a280x210.jpg"
          },
          {
            "i_show_tpl" : "top_img",
            "i_type" : "ask",
            "id" : "210",
            "o_image" : "http://img.jiemian.com/101/thumb/20151211/z_144984213739832700_a640x320.jpg",
            "published" : "",
            "title" : "中国孩子的课业负担到底重不重？我是阿凡题CEO陈李江，欢迎来问",
            "type_name" : "好问",
            "url" : "http://a.jiemian.com/index.php?m=qanda&a=index&aid=AGQCMQhm&share=%7B%22imgurl%22%3A%22101%2Fthumb%2F20151211%2Fz_144984213739832700.jpg%22%2C%22title%22%3A%22%E4%B8%AD%E5%9B%BD%E5%AD%A9%E5%AD%90%E7%9A%84%E8%AF%BE%E4%B8%9A%E8%B4%9F%E6%8B%85%E5%88%B0%E5%BA%95%E9%87%8D%E4%B8%8D%E9%87%8D%EF%BC%9F%E6%88%91%E6%98%AF%E9%98%BF%E5%87%A1%E9%A2%98CEO%E9%99%88%E6%9D%8E%E6%B1%9F%EF%BC%8C%E6%AC%A2%E8%BF%8E%E6%9D%A5%E9%97%AE%22%2C%22url%22%3A%22http%3A%2F%2Fa.jiemian.com%2Findex.php%3Fm%3Dqanda%26a%3Dindex%26aid%3DAGQCMQhm%22%7D",
            "z_image" : "http://img.jiemian.com/101/thumb/20151211/z_144984213739832700_a280x210.jpg"
          }
        ],
        "name" : "精选"
      }
    ]
  }
}