{
  "code" : "0",
  "message" : "success",
  "result" : {
    "channel" : [
      {
        "color" : "#f12b35",
        "rows" : [
          {
            "icon" : "channel_jm",
            "id" : "0",
            "show" : "",
            "slogan" : "500位CEO鼎力推荐",
            "sort" : "",
            "title" : "界面新闻",
            "type" : "0",
            "unistr" : "",
            "url" : ""
          }
        ]
      },
      {
        "color" : "#1760a4",
        "rows" : [
          {
            "icon" : "channel_me",
            "id" : "0",
            "show" : "",
            "slogan" : "与投资高手为伍",
            "sort" : "",
            "title" : "摩尔金融",
            "type" : "11",
            "unistr" : "",
            "url" : "http://moer.jiemian.com/otherWapIndex.htm"
          }
        ]
      },
      {
        "color" : "#741884",
        "rows" : [
          {
            "icon" : "channel_uw",
            "id" : "0",
            "show" : "",
            "slogan" : "原创设计新势力",
            "sort" : "",
            "title" : "尤物",
            "type" : "11",
            "unistr" : "",
            "url" : "http://m.youwu.jiemian.com?source=app"
          }
        ]
      },
      {
        "color" : "#d5661c",
        "rows" : [
          {
            "icon" : "channel_md",
            "id" : "0",
            "show" : "",
            "slogan" : "拿礼拿到停不下来",
            "sort" : "",
            "title" : "面点商城",
            "type" : "1",
            "unistr" : "",
            "url" : ""
          }
        ]
      },
      {
        "color" : "#119e9e",
        "rows" : [
          {
            "icon" : "channel_fbi",
            "id" : "0",
            "show" : "",
            "slogan" : "品牌的秘密都在这里",
            "sort" : "",
            "title" : "招牌",
            "type" : "11",
            "unistr" : "",
            "url" : "http://m.jiemian.com/lists/124.html"
          },
          {
            "icon" : "http://img.jiemian.com/101/original/20151208/144956488938147200.png",
            "id" : "0",
            "show" : "",
            "slogan" : "行家问答",
            "sort" : "",
            "title" : "好问",
            "type" : "11",
            "unistr" : "",
            "url" : "http://a.jiemian.com/index.php?m=qanda&a=lists"
          },
          {
            "icon" : "http://img.jiemian.com/101/original/20151208/144956489682264300.png",
            "id" : "0",
            "show" : "",
            "slogan" : "界面召集令",
            "sort" : "",
            "title" : "活动",
            "type" : "11",
            "unistr" : "",
            "url" : "http://a.jiemian.com/mobile/index.php?m=Promotion"
          }
        ]
      },
      {
        "color" : "#c49933",
        "rows" : [
          {
            "icon" : "channel_zw",
            "id" : "4",
            "show" : "show_img_top_intro",
            "slogan" : "致力于故事的发现和实现",
            "sort" : "",
            "title" : "正午",
            "type" : "10",
            "unistr" : "120",
            "url" : "http://appapi.jiemian.com/article/cate/120.json"
          },
          {
            "icon" : "channel_wl",
            "id" : "3",
            "show" : "show_img_top",
            "slogan" : "有趣，有爱，有文化",
            "sort" : "",
            "title" : "歪楼",
            "type" : "10",
            "unistr" : "119",
            "url" : "http://appapi.jiemian.com/article/cate/119.json"
          },
          {
            "icon" : "http://img.jiemian.com/101/original/20151030/144617156034818700.png",
            "id" : "19",
            "show" : "show_img_top",
            "slogan" : "纽约时报T界",
            "sort" : "",
            "title" : "T界",
            "type" : "10",
            "unistr" : "183",
            "url" : "http://appapi.jiemian.com/article/cate/183.json"
          }
        ]
      }
    ],
    "cooperation" : {
      "data" : [
        {
          "icon" : "",
          "id" : "",
          "show" : "",
          "slogan" : "精选轻奢美食与活动预定",
          "sort" : "1",
          "title" : "YHOUSE",
          "type" : "11",
          "unistr" : "",
          "url" : "http://m.yhouse.com"
        },
        {
          "icon" : "",
          "id" : "",
          "show" : "",
          "slogan" : "聪明的理财选择",
          "sort" : "2",
          "title" : "懒投资",
          "type" : "11",
          "unistr" : "",
          "url" : "https://lantouzi.com/index_custom?pcode=jiemian&share=%7B%22title%22%3A%22%5Cu61d2%5Cu6295%5Cu8d44%26%5Cu754c%5Cu9762+%7C+%5Cu72ec%5Cu7acb%5Cu601d%5Cu8003%5Cu8005%5Cu7684%5Cu6295%5Cu8d44%5Cu4ff1%5Cu4e50%5Cu90e8%22%2C%22url%22%3A%22https%3A%5C%2F%5C%2Flantouzi.com%5C%2Findex_custom%3Fpcode%3Djiemian%22%2C%22imgurl%22%3A%22https%3A%5C%2F%5C%2Fs1.lantouzi.com%5C%2Fimg%5C%2F201511%5C%2Fltz%5C%2Fjiemian.jpg%22%2C%22content%22%3A%22%5Cu4f60%5Cu82e5%5Cu9752%5Cu7750%5Cuff0c%5Cu4ef7%5Cu503c%5Cu65e0%5Cu5904%5Cu4e0d%5Cu5728%22%7D"
        },
        {
          "icon" : "",
          "id" : "",
          "show" : "",
          "slogan" : "爱活动就上活动树",
          "sort" : "3",
          "title" : "活动树",
          "type" : "11",
          "unistr" : "",
          "url" : "http://m.huodongshu.com/h5/enterprise/comp/100/index.html"
        }
      ],
      "notes" : "对战略合作感兴趣？请点击了解详情…",
      "notesUrl" : "http://m.jiemian.com/article/389805_app.html"
    }
  }
}